"B_index","B_id","Latitude","Longitude","Media","B_Size","Influence","B_Cost"
"1","18","40.85071","-73.93581","Poster","242.74","0.011599924","5418.19954"
"2","22","40.85071","-73.93581","Poster","242.74","0.011599924","5418.19954"
"3","23","40.85071","-73.93581","Poster","242.74","0.011599924","5418.19954"
"4","68","40.85071","-73.93581","Poster","242.74","0.011599924","5418.19954"
"5","69","40.85071","-73.93581","Poster","242.74","0.011599924","5418.19954"
"6","70","40.85071","-73.93581","Poster","242.74","0.011599924","5418.19954"
"7","75","40.85071","-73.93581","Poster","242.74","0.011599924","5418.19954"
"8","76","40.85071","-73.93581","Poster","242.74","0.023199847","5418.19954"
"9","104","40.85071","-73.93581","Poster","242.74","0.011599924","5418.19954"
"10","105","40.85071","-73.93581","Poster","242.74","0.011599924","5418.19954"
"11","106","40.85071","-73.93581","Poster","242.74","0.046399694","5418.19954"
"12","125","40.85071","-73.93581","Poster","242.74","0.011599924","5418.19954"
"13","143","40.86981","-73.9166","Poster","242.74","0.011599924","5418.19954"
"14","144","40.86981","-73.9166","Poster","242.74","0.011599924","5418.19954"
"15","162","40.86981","-73.9166","Poster","242.74","0.011599924","5418.19954"
"16","163","40.86981","-73.9166","Poster","242.74","0.023199847","5418.19954"
"17","167","40.86981","-73.9166","Poster","242.74","0.011599924","5418.19954"
"18","171","40.86981","-73.9166","Poster","242.74","0.011599924","5418.19954"
"19","176","40.86981","-73.9166","Poster","242.74","0.011599924","5418.19954"
"20","184","40.86981","-73.9166","Poster","242.74","0.011599924","5418.19954"
"21","185","40.86981","-73.9166","Poster","242.74","0.011599924","5418.19954"
"22","194","40.86981","-73.9166","Poster","242.74","0.011599924","5418.19954"
"23","195","40.86981","-73.9166","Poster","242.74","0.011599924","5418.19954"
"24","196","40.86981","-73.9166","Poster","242.74","0.011599924","5418.19954"
"25","212","40.86981","-73.9166","Poster","242.74","0.023199847","5418.19954"
"26","215","40.86981","-73.9166","Poster","242.74","0.011599924","5418.19954"
"27","216","40.86981","-73.9166","Poster","242.74","0.011599924","5418.19954"
"28","222","40.86981","-73.9166","Poster","242.74","0.011599924","5418.19954"
"29","257","40.86981","-73.9166","Poster","242.74","0.011599924","5418.19954"
"30","258","40.86981","-73.9166","Poster","242.74","0.011599924","5418.19954"
"31","261","40.818089","-73.960708","Poster","242.74","0.011599924","5418.19954"
"32","262","40.818089","-73.960708","Poster","242.74","0.011599924","5418.19954"
"33","288","40.818089","-73.960708","Poster","242.74","0.011599924","5418.19954"
"34","289","40.818089","-73.960708","Poster","242.74","0.011599924","5418.19954"
"35","290","40.818089","-73.960708","Poster","242.74","0.011599924","5418.19954"
"36","291","40.818089","-73.960708","Poster","242.74","0.011599924","5418.19954"
"37","292","40.818089","-73.960708","Poster","242.74","0.011599924","5418.19954"
"38","296","40.818089","-73.960708","Poster","242.74","0.011599924","5418.19954"
"39","297","40.818089","-73.960708","Poster","242.74","0.011599924","5418.19954"
"40","300","40.818089","-73.960708","Poster","242.74","0.011599924","5418.19954"
"41","301","40.818089","-73.960708","Poster","242.74","0.011599924","5418.19954"
"42","304","40.818089","-73.960708","Poster","242.74","0.011599924","5418.19954"
"43","305","40.818089","-73.960708","Poster","242.74","0.011599924","5418.19954"
"44","311","40.818089","-73.960708","Poster","242.74","0.011599924","5418.19954"
"45","320","40.818089","-73.960708","Poster","242.74","0.011599924","5418.19954"
"46","321","40.818089","-73.960708","Poster","242.74","0.011599924","5418.19954"
"47","331","40.818089","-73.960708","Poster","242.74","0.023199847","5418.19954"
"48","334","40.818089","-73.960708","Poster","242.74","0.011599924","5418.19954"
"49","335","40.818089","-73.960708","Poster","242.74","0.011599924","5418.19954"
"50","336","40.818089","-73.960708","Poster","242.74","0.011599924","5418.19954"
"51","337","40.818089","-73.960708","Poster","242.74","0.011599924","5418.19954"
"52","348","40.818089","-73.960708","Poster","242.74","0.011599924","5418.19954"
"53","373","40.818089","-73.960708","Poster","242.74","0.011599924","5418.19954"
"54","374","40.818089","-73.960708","Poster","242.74","0.023199847","5418.19954"
"55","409","40.818089","-73.960708","Poster","242.74","0.011599924","5418.19954"
"56","412","40.818089","-73.960708","Poster","242.74","0.011599924","5418.19954"
"57","415","40.818089","-73.960708","Poster","242.74","0.011599924","5418.19954"
"58","416","40.818089","-73.960708","Poster","242.74","0.011599924","5418.19954"
"59","425","40.818089","-73.960708","Poster","242.74","0.011599924","5418.19954"
"60","432","40.818089","-73.960708","Poster","242.74","0.011599924","5418.19954"
"61","434","40.818089","-73.960708","Poster","242.74","0.011599924","5418.19954"
"62","458","40.818089","-73.960708","Poster","242.74","0.011599924","5418.19954"
"63","468","40.818089","-73.960708","Poster","242.74","0.011599924","5418.19954"
"64","475","40.818089","-73.960708","Poster","242.74","0.011599924","5418.19954"
"65","476","40.818089","-73.960708","Poster","242.74","0.011599924","5418.19954"
"66","503","40.818089","-73.960708","Poster","242.74","0.011599924","5418.19954"
"67","506","40.818089","-73.960708","Poster","242.74","0.011599924","5418.19954"
"68","518","40.818089","-73.960708","Poster","242.74","0.011599924","5418.19954"
"69","533","40.818089","-73.960708","Poster","242.74","0.011599924","5418.19954"
"70","550","40.818089","-73.960708","Poster","242.74","0.011599924","5418.19954"
"71","557","40.818089","-73.960708","Poster","242.74","0.011599924","5418.19954"
"72","575","40.818089","-73.960708","Poster","242.74","0.023199847","5418.19954"
"73","576","40.818089","-73.960708","Poster","242.74","0.011599924","5418.19954"
"74","607","40.818089","-73.960708","Poster","242.74","0.011599924","5418.19954"
"75","610","40.818089","-73.960708","Poster","242.74","0.011599924","5418.19954"
"76","614","40.818089","-73.960708","Poster","242.74","0.011599924","5418.19954"
"77","615","40.818089","-73.960708","Poster","242.74","0.011599924","5418.19954"
"78","643","40.818089","-73.960708","Poster","242.74","0.011599924","5418.19954"
"79","651","40.818089","-73.960708","Poster","242.74","0.023199847","5418.19954"
"80","652","40.818089","-73.960708","Poster","242.74","0.011599924","5418.19954"
"81","653","40.818089","-73.960708","Poster","242.74","0.011599924","5418.19954"
"82","675","40.818089","-73.960708","Poster","242.74","0.011599924","5418.19954"
"83","678","40.818089","-73.960708","Poster","242.74","0.011599924","5418.19954"
"84","679","40.818089","-73.960708","Poster","242.74","0.011599924","5418.19954"
"85","691","40.818089","-73.960708","Poster","242.74","0.011599924","5418.19954"
"86","692","40.818089","-73.960708","Poster","242.74","0.011599924","5418.19954"
"87","706","40.818089","-73.960708","Poster","242.74","0.011599924","5418.19954"
"88","721","40.818089","-73.960708","Poster","242.74","0.011599924","5418.19954"
"89","722","40.818089","-73.960708","Poster","242.74","0.011599924","5418.19954"
"90","725","40.818089","-73.960708","Poster","242.74","0.011599924","5418.19954"
"91","752","40.818089","-73.960708","Poster","242.74","0.011599924","5418.19954"
"92","753","40.818089","-73.960708","Poster","242.74","0.011599924","5418.19954"
"93","754","40.818089","-73.960708","Poster","242.74","0.011599924","5418.19954"
"94","756","40.818089","-73.960708","Poster","242.74","0.011599924","5418.19954"
"95","757","40.818089","-73.960708","Poster","242.74","0.011599924","5418.19954"
"96","794","40.818089","-73.960708","Poster","242.74","0.011599924","5418.19954"
"97","795","40.818089","-73.960708","Poster","242.74","0.023199847","5418.19954"
"98","819","40.818089","-73.960708","Poster","242.74","0.011599924","5418.19954"
"99","820","40.818089","-73.960708","Poster","242.74","0.011599924","5418.19954"
"100","851","40.818089","-73.960708","Poster","242.74","0.011599924","5418.19954"
"101","896","40.818089","-73.960708","Poster","242.74","0.011599924","5418.19954"
"102","897","40.818089","-73.960708","Poster","242.74","0.011599924","5418.19954"
"103","916","40.818089","-73.960708","Poster","242.74","0.011599924","5418.19954"
"104","948","40.818089","-73.960708","Poster","242.74","0.023199847","5418.19954"
"105","968","40.818089","-73.960708","Poster","242.74","0.011599924","5418.19954"
"106","969","40.83186","-73.94138","Poster","242.74","0.011599924","5418.19954"
"107","970","40.83186","-73.94138","Poster","242.74","0.011599924","5418.19954"
"108","971","40.83186","-73.94138","Poster","242.74","0.011599924","5418.19954"
"109","1010","40.83186","-73.94138","Poster","242.74","0.046399694","5418.19954"
"110","1013","40.83186","-73.94138","Poster","242.74","0.034799771","5418.19954"
"111","1019","40.83186","-73.94138","Poster","242.74","0.023199847","5418.19954"
"112","1035","40.83186","-73.94138","Poster","242.74","0.023199847","5418.19954"
"113","1040","40.83186","-73.94138","Poster","242.74","0.011599924","5418.19954"
"114","1041","40.83186","-73.94138","Poster","242.74","0.011599924","5418.19954"
"115","1043","40.83186","-73.94138","Poster","242.74","0.011599924","5418.19954"
"116","1044","40.83186","-73.94138","Poster","242.74","0.034799771","5418.19954"
"117","1045","40.83186","-73.94138","Poster","242.74","0.081199465","5418.19954"
"118","1046","40.83186","-73.94138","Poster","242.74","0.092799388","5418.19954"
"119","1047","40.83186","-73.94138","Poster","242.74","0.011599924","5418.19954"
"120","1049","40.83186","-73.94138","Poster","242.74","0.011599924","5418.19954"
"121","1053","40.83186","-73.94138","Poster","242.74","0.011599924","5418.19954"
"122","1054","40.83186","-73.94138","Poster","242.74","0.011599924","5418.19954"
"123","1057","40.83186","-73.94138","Poster","242.74","0.011599924","5418.19954"
"124","1060","40.83186","-73.94138","Poster","242.74","0.011599924","5418.19954"
"125","1072","40.83186","-73.94138","Poster","242.74","0.011599924","5418.19954"
"126","1080","40.83186","-73.94138","Poster","242.74","0.046399694","5418.19954"
"127","1089","40.83186","-73.94138","Poster","242.74","0.034799771","5418.19954"
"128","1094","40.83186","-73.94138","Poster","242.74","0.023199847","5418.19954"
"129","1100","40.83186","-73.94138","Poster","242.74","0.023199847","5418.19954"
"130","1102","40.83186","-73.94138","Poster","242.74","0.011599924","5418.19954"
"131","1103","40.83186","-73.94138","Poster","242.74","0.011599924","5418.19954"
"132","1105","40.83186","-73.94138","Poster","242.74","0.011599924","5418.19954"
"133","1106","40.83186","-73.94138","Poster","242.74","0.034799771","5418.19954"
"134","1107","40.83186","-73.94138","Poster","242.74","0.081199465","5418.19954"
"135","1115","40.83186","-73.94138","Poster","242.74","0.092799388","5418.19954"
"136","1116","40.83186","-73.94138","Poster","242.74","0.011599924","5418.19954"
"137","1118","40.83186","-73.94138","Poster","242.74","0.011599924","5418.19954"
"138","1119","40.83186","-73.94138","Poster","242.74","0.011599924","5418.19954"
"139","1120","40.83186","-73.94138","Poster","242.74","0.011599924","5418.19954"
"140","1121","40.76525","-73.99509","Poster","242.74","0.011599924","5418.19954"
"141","1122","40.76525","-73.99509","Poster","242.74","0.011599924","5418.19954"
"142","1123","40.76525","-73.99509","Poster","242.74","0.011599924","5418.19954"
"143","1130","40.76525","-73.99509","Poster","242.74","0.011599924","5418.19954"
"144","1136","40.76525","-73.99509","Poster","242.74","0.011599924","5418.19954"
"145","1140","40.76525","-73.99509","Poster","242.74","0.011599924","5418.19954"
"146","1143","40.74737","-73.94792","Poster","242.74","0.011599924","5418.19954"
"147","1144","40.7514","-73.9153","Poster","242.74","0.011599924","5418.19954"
"148","1146","40.7514","-73.9153","Poster","242.74","0.011599924","5418.19954"
"149","1147","40.7514","-73.9153","Poster","242.74","0.011599924","5418.19954"
"150","1148","40.7514","-73.9153","Poster","242.74","0.011599924","5418.19954"
"151","1149","40.7514","-73.9153","Poster","242.74","0.011599924","5418.19954"
"152","1150","40.7514","-73.9153","Poster","242.74","0.011599924","5418.19954"
"153","1159","40.7514","-73.9153","Poster","242.74","0.011599924","5418.19954"
"154","1165","40.7514","-73.9153","Poster","242.74","0.011599924","5418.19954"
"155","1196","40.7514","-73.9153","Poster","242.74","0.011599924","5418.19954"
"156","1197","40.7514","-73.9153","Poster","242.74","0.011599924","5418.19954"
"157","1214","40.7514","-73.9153","Poster","242.74","0.011599924","5418.19954"
"158","1222","40.7514","-73.9153","Poster","242.74","0.011599924","5418.19954"
"159","1228","40.7514","-73.9153","Poster","242.74","0.011599924","5418.19954"
"160","1229","40.7514","-73.9153","Poster","242.74","0.011599924","5418.19954"
"161","1231","40.7514","-73.9153","Poster","242.74","0.011599924","5418.19954"
"162","1232","40.7514","-73.9153","Poster","242.74","0.011599924","5418.19954"
"163","1233","40.7514","-73.9153","Poster","242.74","0.011599924","5418.19954"
"164","1234","40.7514","-73.9153","Poster","242.74","0.011599924","5418.19954"
"165","1235","40.7514","-73.9153","Poster","242.74","0.011599924","5418.19954"
"166","1237","40.7514","-73.9153","Poster","242.74","0.011599924","5418.19954"
"167","1302","40.7514","-73.9153","Poster","242.74","0.011599924","5418.19954"
"168","1303","40.7514","-73.9153","Poster","242.74","0.011599924","5418.19954"
"169","1304","40.7514","-73.9153","Poster","242.74","0.011599924","5418.19954"
"170","1305","40.7514","-73.9153","Poster","242.74","0.011599924","5418.19954"
"171","1307","40.7514","-73.9153","Poster","242.74","0.011599924","5418.19954"
"172","1308","40.7514","-73.9153","Poster","242.74","0.011599924","5418.19954"
"173","1309","40.7514","-73.9153","Poster","242.74","0.011599924","5418.19954"
"174","1310","40.7514","-73.9153","Poster","242.74","0.011599924","5418.19954"
"175","1326","40.74275926","-73.95183923","Poster","242.74","0.011599924","5418.19954"
"176","1327","40.74275926","-73.95183923","Poster","242.74","0.011599924","5418.19954"
"177","1328","40.74275926","-73.95183923","Poster","242.74","0.011599924","5418.19954"
"178","1329","40.74275926","-73.95183923","Poster","242.74","0.011599924","5418.19954"
"179","1330","40.74275926","-73.95183923","Poster","242.74","0.011599924","5418.19954"
"180","1331","40.74275926","-73.95183923","Poster","242.74","0.011599924","5418.19954"
"181","1332","40.74275926","-73.95183923","Poster","242.74","0.011599924","5418.19954"
"182","1333","40.74275926","-73.95183923","Poster","242.74","0.011599924","5418.19954"
"183","1348","40.74275926","-73.95183923","Poster","242.74","0.011599924","5418.19954"
"184","1349","40.74275926","-73.95183923","Poster","242.74","0.011599924","5418.19954"
"185","1350","40.74275926","-73.95183923","Poster","242.74","0.011599924","5418.19954"
"186","1351","40.74275926","-73.95183923","Poster","242.74","0.011599924","5418.19954"
"187","1352","40.74275926","-73.95183923","Poster","242.74","0.011599924","5418.19954"
"188","1353","40.74275926","-73.95183923","Poster","242.74","0.011599924","5418.19954"
"189","1354","40.74275926","-73.95183923","Poster","242.74","0.011599924","5418.19954"
"190","1355","40.74275926","-73.95183923","Poster","242.74","0.011599924","5418.19954"
"191","1538","40.74275926","-73.95183923","Poster","242.74","0.011599924","5418.19954"
"192","1539","40.74275926","-73.95183923","Poster","242.74","0.011599924","5418.19954"
"193","1540","40.74275926","-73.95183923","Poster","242.74","0.011599924","5418.19954"
"194","1547","40.74275926","-73.95183923","Poster","242.74","0.011599924","5418.19954"
"195","1550","40.74275926","-73.95183923","Poster","242.74","0.011599924","5418.19954"
"196","1560","40.74275926","-73.95183923","Poster","242.74","0.011599924","5418.19954"
"197","1563","40.74275926","-73.95183923","Poster","242.74","0.011599924","5418.19954"
"198","1568","40.74275926","-73.95183923","Poster","242.74","0.011599924","5418.19954"
"199","1572","40.74275926","-73.95183923","Poster","242.74","0.011599924","5418.19954"
"200","1573","40.74275926","-73.95183923","Poster","242.74","0.011599924","5418.19954"
"201","1574","40.74275926","-73.95183923","Poster","242.74","0.011599924","5418.19954"
"202","1575","40.74275926","-73.95183923","Poster","242.74","0.011599924","5418.19954"
"203","1576","40.74275926","-73.95183923","Poster","242.74","0.011599924","5418.19954"
"204","1615","40.74275926","-73.95183923","Poster","242.74","0.011599924","5418.19954"
"205","1617","40.755411","-73.912092","Poster","242.74","0.011599924","5418.19954"
"206","1621","40.755411","-73.912092","Poster","242.74","0.011599924","5418.19954"
"207","1624","40.755411","-73.912092","Poster","242.74","0.011599924","5418.19954"
"208","1631","40.755411","-73.912092","Poster","242.74","0.011599924","5418.19954"
"209","1632","40.755411","-73.912092","Poster","242.74","0.011599924","5418.19954"
"210","1633","40.755411","-73.912092","Poster","242.74","0.011599924","5418.19954"
"211","1635","40.755411","-73.912092","Poster","242.74","0.011599924","5418.19954"
"212","1636","40.755411","-73.912092","Poster","242.74","0.011599924","5418.19954"
"213","1639","40.755411","-73.912092","Poster","242.74","0.011599924","5418.19954"
"214","1641","40.755411","-73.912092","Poster","242.74","0.011599924","5418.19954"
"215","1642","40.755411","-73.912092","Poster","242.74","0.011599924","5418.19954"
"216","1643","40.755411","-73.912092","Poster","242.74","0.011599924","5418.19954"
"217","1644","40.74201","-73.91488","Poster","242.74","0.011599924","5418.19954"
"218","1645","40.74201","-73.91488","Poster","242.74","0.011599924","5418.19954"
"219","1646","40.74201","-73.91488","Poster","242.74","0.011599924","5418.19954"
"220","1649","40.74201","-73.91488","Poster","242.74","0.011599924","5418.19954"
"221","1650","40.74201","-73.91488","Poster","242.74","0.011599924","5418.19954"
"222","1653","40.74287","-73.91571","Poster","242.74","0.011599924","5418.19954"
"223","1654","40.74287","-73.91571","Poster","242.74","0.023199847","5418.19954"
"224","1657","40.74287","-73.91571","Poster","242.74","0.011599924","5418.19954"
"225","1658","40.74287","-73.91571","Poster","242.74","0.011599924","5418.19954"
"226","1659","40.74287","-73.91571","Poster","242.74","0.011599924","5418.19954"
"227","1667","40.74287","-73.91571","Poster","242.74","0.011599924","5418.19954"
"228","1668","40.74287","-73.91571","Poster","242.74","0.011599924","5418.19954"
"229","1669","40.74287","-73.91571","Poster","242.74","0.011599924","5418.19954"
"230","1670","40.74287","-73.91571","Poster","242.74","0.011599924","5418.19954"
"231","1688","40.74287","-73.91571","Poster","242.74","0.011599924","5418.19954"
"232","1689","40.74287","-73.91571","Poster","242.74","0.011599924","5418.19954"
"233","1705","40.74287","-73.91571","Poster","242.74","0.023199847","5418.19954"
"234","1706","40.74287","-73.91571","Poster","242.74","0.034799771","5418.19954"
"235","1707","40.74287","-73.91571","Poster","242.74","0.011599924","5418.19954"
"236","1708","40.74287","-73.91571","Poster","242.74","0.011599924","5418.19954"
"237","1728","40.74287","-73.91571","Poster","242.74","0.011599924","5418.19954"
"238","1729","40.74287","-73.91571","Poster","242.74","0.011599924","5418.19954"
"239","1734","40.74287","-73.91571","Poster","242.74","0.011599924","5418.19954"
"240","1735","40.74287","-73.91571","Poster","242.74","0.023199847","5418.19954"
"241","1739","40.74287","-73.91571","Poster","242.74","0.011599924","5418.19954"
"242","1740","40.74287","-73.91571","Poster","242.74","0.023199847","5418.19954"
"243","1741","40.74287","-73.91571","Poster","242.74","0.011599924","5418.19954"
"244","1742","40.74287","-73.91571","Poster","242.74","0.011599924","5418.19954"
"245","1743","40.74591","-73.93307","Poster","242.74","0.011599924","5418.19954"
"246","1746","40.74591","-73.93307","Poster","242.74","0.011599924","5418.19954"
"247","1747","40.74591","-73.93307","Poster","242.74","0.011599924","5418.19954"
"248","1758","40.74591","-73.93307","Poster","242.74","0.011599924","5418.19954"
"249","1759","40.74591","-73.93307","Poster","242.74","0.011599924","5418.19954"
"250","1760","40.74591","-73.93307","Poster","242.74","0.011599924","5418.19954"
"251","1761","40.74591","-73.93307","Poster","242.74","0.011599924","5418.19954"
"252","1762","40.74591","-73.93307","Poster","242.74","0.011599924","5418.19954"
"253","1763","40.74591","-73.93307","Poster","242.74","0.011599924","5418.19954"
"254","1764","40.74591","-73.93307","Poster","242.74","0.011599924","5418.19954"
"255","1765","40.74591","-73.93307","Poster","242.74","0.011599924","5418.19954"
"256","1786","40.74591","-73.93307","Poster","242.74","0.011599924","5418.19954"
"257","1787","40.74456","-73.93622","Poster","242.74","0.011599924","5418.19954"
"258","1788","40.74456","-73.93622","Poster","242.74","0.011599924","5418.19954"
"259","1789","40.74456","-73.93622","Poster","242.74","0.011599924","5418.19954"
"260","1790","40.74456","-73.93622","Poster","242.74","0.011599924","5418.19954"
"261","1791","40.74456","-73.93622","Poster","242.74","0.023199847","5418.19954"
"262","1792","40.74456","-73.93622","Poster","242.74","0.011599924","5418.19954"
"263","1811","40.74456","-73.93622","Poster","242.74","0.011599924","5418.19954"
"264","1812","40.74456","-73.93622","Poster","242.74","0.011599924","5418.19954"
"265","1813","40.74456","-73.93622","Poster","242.74","0.011599924","5418.19954"
"266","1814","40.74456","-73.93622","Poster","242.74","0.011599924","5418.19954"
"267","1815","40.74456","-73.93622","Poster","242.74","0.023199847","5418.19954"
"268","1816","40.74456","-73.93622","Poster","242.74","0.069599541","5418.19954"
"269","1817","40.74456","-73.93622","Poster","242.74","0.023199847","5418.19954"
"270","1818","40.74456","-73.93622","Poster","242.74","0.046399694","5418.19954"
"271","1819","40.74456","-73.93622","Poster","242.74","0.023199847","5418.19954"
"272","1820","40.74456","-73.93622","Poster","242.74","0.011599924","5418.19954"
"273","1821","40.74456","-73.93622","Poster","242.74","0.011599924","5418.19954"
"274","2000","40.74456","-73.93622","Poster","242.74","0.011599924","5418.19954"
"275","2501","40.74456","-73.93622","Poster","242.74","0.011599924","5418.19954"
"276","2502","40.74456","-73.93622","Poster","242.74","0.023199847","5418.19954"
"277","2510","40.74456","-73.93622","Poster","242.74","0.023199847","5418.19954"
"278","2527","40.74456","-73.93622","Poster","242.74","0.023199847","5418.19954"
"279","2537","40.74456","-73.93622","Poster","242.74","0.011599924","5418.19954"
"280","2538","40.74456","-73.93622","Poster","242.74","0.011599924","5418.19954"
"281","2539","40.74456","-73.93622","Poster","242.74","0.011599924","5418.19954"
"282","2540","40.74456","-73.93622","Poster","242.74","0.023199847","5418.19954"
"283","2541","40.74456","-73.93622","Poster","242.74","0.011599924","5418.19954"
"284","2542","40.74456","-73.93622","Poster","242.74","0.011599924","5418.19954"
"285","2543","40.74456","-73.93622","Poster","242.74","0.011599924","5418.19954"
"286","2544","40.74456","-73.93622","Poster","242.74","0.011599924","5418.19954"
"287","2545","40.74456","-73.93622","Poster","242.74","0.034799771","5418.19954"
"288","2550","40.74456","-73.93622","Poster","242.74","0.034799771","5418.19954"
"289","2551","40.74456","-73.93622","Poster","242.74","0.011599924","5418.19954"
"290","2552","40.74456","-73.93622","Poster","242.74","0.011599924","5418.19954"
"291","2553","40.74456","-73.93622","Poster","242.74","0.023199847","5418.19954"
"292","2554","40.74456","-73.93622","Poster","242.74","0.011599924","5418.19954"
"293","2555","40.74456","-73.93622","Poster","242.74","0.011599924","5418.19954"
"294","2560","40.74456","-73.93622","Poster","242.74","0.011599924","5418.19954"
"295","3006","40.74456","-73.93622","Poster","242.74","0.011599924","5418.19954"
"296","3008","40.74456","-73.93622","Poster","242.74","0.011599924","5418.19954"
"297","3011","40.74456","-73.93622","Poster","242.74","0.011599924","5418.19954"
"298","4008","40.74456","-73.93622","Poster","242.74","0.011599924","5418.19954"
"299","4011","40.74456","-73.93622","Poster","242.74","0.011599924","5418.19954"
"300","4015","40.74456","-73.93622","Poster","242.74","0.011599924","5418.19954"
"301","4017","40.74456","-73.93622","Poster","242.74","0.011599924","5418.19954"
"302","4030","40.74456","-73.93622","Poster","242.74","0.023199847","5418.19954"
"303","4031","40.74456","-73.93622","Poster","242.74","0.011599924","5418.19954"
"304","4032","40.74456","-73.93622","Poster","242.74","0.011599924","5418.19954"
"305","4042","40.74456","-73.93622","Poster","242.74","0.011599924","5418.19954"
"306","4043","40.74456","-73.93622","Poster","242.74","0.011599924","5418.19954"
"307","4048","40.74442","-73.93895","Poster","242.74","0.011599924","5418.19954"
"308","4049","40.74442","-73.93895","Poster","242.74","0.011599924","5418.19954"
"309","4050","40.74442","-73.93895","Poster","242.74","0.023199847","5418.19954"
"310","4101","40.74442","-73.93895","Poster","242.74","0.011599924","5418.19954"
"311","4103","40.74442","-73.93895","Poster","242.74","0.011599924","5418.19954"
"312","4111","40.74442","-73.93895","Poster","242.74","0.011599924","5418.19954"
"313","4527","40.74001","-73.93454","Poster","242.74","0.011599924","5418.19954"
"314","4533","40.87211","-73.85539","Poster","242.74","0.011599924","5418.19954"
"315","5014","40.87211","-73.85539","Poster","242.74","0.011599924","5418.19954"
"316","5015","40.87211","-73.85539","Poster","242.74","0.011599924","5418.19954"
"317","5024","40.87909","-73.84348","Poster","242.74","0.011599924","5418.19954"
"318","5032","40.87909","-73.84348","Poster","242.74","0.011599924","5418.19954"
"319","5038","40.87909","-73.84348","Poster","242.74","0.011599924","5418.19954"
"320","5039","40.87909","-73.84348","Poster","242.74","0.011599924","5418.19954"
"321","5049","40.87909","-73.84348","Poster","242.74","0.011599924","5418.19954"
"322","5050","40.87909","-73.84348","Poster","242.74","0.011599924","5418.19954"
"323","5072","40.87909","-73.84348","Poster","242.74","0.011599924","5418.19954"
"324","5078","40.87909","-73.84348","Poster","242.74","0.023199847","5418.19954"
"325","5079","40.87909","-73.84348","Poster","242.74","0.011599924","5418.19954"
"326","5081","40.87909","-73.84348","Poster","242.74","0.011599924","5418.19954"
"327","5082","40.87909","-73.84348","Poster","242.74","0.011599924","5418.19954"
"328","5083","40.87909","-73.84348","Poster","242.74","0.011599924","5418.19954"
"329","5085","40.87909","-73.84348","Poster","242.74","0.011599924","5418.19954"
"330","5505","40.87909","-73.84348","Poster","242.74","0.011599924","5418.19954"
"331","7001","40.87909","-73.84348","Poster","242.74","0.011599924","5418.19954"
"332","7005","40.87909","-73.84348","Poster","242.74","0.011599924","5418.19954"
"333","7006","40.87909","-73.84348","Poster","242.74","0.011599924","5418.19954"
"334","7007","40.87909","-73.84348","Poster","242.74","0.023199847","5418.19954"
"335","7011","40.87909","-73.84348","Poster","242.74","0.011599924","5418.19954"
"336","7012","40.87909","-73.84348","Poster","242.74","0.011599924","5418.19954"
"337","7013","40.815735","-73.895822","Poster","242.74","0.011599924","5418.19954"
"338","7014","40.815735","-73.895822","Poster","242.74","0.011599924","5418.19954"
"339","7015","40.815735","-73.895822","Poster","242.74","0.011599924","5418.19954"
"340","7018","40.815735","-73.895822","Poster","242.74","0.011599924","5418.19954"
"341","7019","40.83036","-73.90452","Poster","242.74","0.011599924","5418.19954"
"342","7020","40.83036","-73.90452","Poster","242.74","0.011599924","5418.19954"
"343","7022","40.83036","-73.90452","Poster","242.74","0.011599924","5418.19954"
"344","7023","40.83036","-73.90452","Poster","242.74","0.011599924","5418.19954"
"345","7024","40.83036","-73.90452","Poster","242.74","0.011599924","5418.19954"
"346","7038","40.83036","-73.90452","Poster","242.74","0.011599924","5418.19954"
"347","7042","40.83036","-73.90452","Poster","242.74","0.011599924","5418.19954"
"348","7203","40.83036","-73.90452","Poster","242.74","0.011599924","5418.19954"
"349","7502","40.83036","-73.90452","Poster","242.74","0.011599924","5418.19954"
"350","9501","40.83036","-73.90452","Poster","242.74","0.011599924","5418.19954"
"351","9512","40.83036","-73.90452","Poster","242.74","0.011599924","5418.19954"
"352","9513","40.83036","-73.90452","Poster","242.74","0.011599924","5418.19954"
"353","20000","40.83584629","-73.8836622","Poster","242.74","0.011599924","5418.19954"
"354","20011","40.83584629","-73.8836622","Poster","242.74","0.011599924","5418.19954"
"355","20022","40.86193","-73.89267","Poster","242.74","0.011599924","5418.19954"
"356","20023","40.86193","-73.89267","Poster","242.74","0.023199847","5418.19954"
"357","20045","40.86193","-73.89267","Poster","242.74","0.011599924","5418.19954"
"358","20048","40.86193","-73.89267","Poster","242.74","0.011599924","5418.19954"
"359","20064","40.86193","-73.89267","Poster","242.74","0.011599924","5418.19954"
"360","30033","40.86193","-73.89267","Poster","242.74","0.011599924","5418.19954"
"361","30034","40.86193","-73.89267","Poster","242.74","0.011599924","5418.19954"
"362","30056","40.85945","-73.887455","Poster","242.74","0.011599924","5418.19954"
"363","30096","40.85945","-73.887455","Poster","242.74","0.011599924","5418.19954"
"364","30101","40.85945","-73.887455","Poster","242.74","0.011599924","5418.19954"
"365","30105","40.85945","-73.887455","Poster","242.74","0.011599924","5418.19954"
"366","30501","40.85945","-73.887455","Poster","242.74","0.011599924","5418.19954"
"367","30502","40.85945","-73.887455","Poster","242.74","0.011599924","5418.19954"
"368","30503","40.85945","-73.887455","Poster","242.74","0.011599924","5418.19954"
"369","30504","40.85945","-73.887455","Poster","242.74","0.011599924","5418.19954"
"370","30505","40.85945","-73.887455","Poster","242.74","0.011599924","5418.19954"
"371","30601","40.85945","-73.887455","Poster","242.74","0.011599924","5418.19954"
"372","30602","40.85945","-73.887455","Poster","242.74","0.011599924","5418.19954"
"373","30603","40.85945","-73.887455","Poster","242.74","0.011599924","5418.19954"
"374","40022","40.85945","-73.887455","Poster","242.74","0.011599924","5418.19954"
"375","40023","40.85945","-73.887455","Poster","242.74","0.011599924","5418.19954"
"376","40148","40.85945","-73.887455","Poster","242.74","0.011599924","5418.19954"
"377","40155","40.85945","-73.887455","Poster","242.74","0.011599924","5418.19954"
"378","40239","40.85945","-73.887455","Poster","242.74","0.011599924","5418.19954"
"379","40497","40.85945","-73.887455","Poster","242.74","0.011599924","5418.19954"
"380","40498","40.85945","-73.887455","Poster","242.74","0.011599924","5418.19954"
"381","40545","40.85945","-73.887455","Poster","242.74","0.011599924","5418.19954"
"382","40546","40.85945","-73.887455","Poster","242.74","0.011599924","5418.19954"
"383","40995","40.85945","-73.887455","Poster","242.74","0.011599924","5418.19954"
"384","40998","40.85945","-73.887455","Poster","242.74","0.011599924","5418.19954"
"385","40999","40.85945","-73.887455","Poster","242.74","0.011599924","5418.19954"
"386","41018","40.85945","-73.887455","Poster","242.74","0.011599924","5418.19954"
"387","41019","40.85945","-73.887455","Poster","242.74","0.011599924","5418.19954"
"388","41022","40.86225","-73.89897","Poster","242.74","0.011599924","5418.19954"
"389","41023","40.86225","-73.89897","Poster","242.74","0.011599924","5418.19954"
"390","41031","40.86225","-73.89897","Poster","242.74","0.011599924","5418.19954"
"391","41032","40.86225","-73.89897","Poster","242.74","0.011599924","5418.19954"
"392","41033","40.86225","-73.89897","Poster","242.74","0.011599924","5418.19954"
"393","41043","40.86225","-73.89897","Poster","242.74","0.011599924","5418.19954"
"394","41051","40.8666","-73.89536","Poster","242.74","0.011599924","5418.19954"
"395","41054","40.8666","-73.89536","Poster","242.74","0.011599924","5418.19954"
"396","41055","40.8666","-73.89536","Poster","242.74","0.046399694","5418.19954"
"397","41056","40.8666","-73.89536","Poster","242.74","0.011599924","5418.19954"
"398","41057","40.8666","-73.89536","Poster","242.74","0.011599924","5418.19954"
"399","41058","40.8666","-73.89536","Poster","242.74","0.011599924","5418.19954"
"400","41062","40.8666","-73.89536","Poster","242.74","0.011599924","5418.19954"
"401","41063","40.8666","-73.89536","Poster","242.74","0.023199847","5418.19954"
"402","50105","40.8666","-73.89536","Poster","242.74","0.011599924","5418.19954"
"403","50106","40.8666","-73.89536","Poster","242.74","0.011599924","5418.19954"
"404","50152","40.8666","-73.89536","Poster","242.74","0.011599924","5418.19954"
"405","50200","40.8666","-73.89536","Poster","242.74","0.011599924","5418.19954"
"406","50201","40.8666","-73.89536","Poster","242.74","0.011599924","5418.19954"
"407","50341","40.8666","-73.89536","Poster","242.74","0.023199847","5418.19954"
"408","50342","40.8666","-73.89536","Poster","242.74","0.023199847","5418.19954"
"409","50362","40.8666","-73.89536","Poster","242.74","0.011599924","5418.19954"
"410","50370","40.8666","-73.89536","Poster","242.74","0.011599924","5418.19954"
"411","50371","40.8666","-73.89536","Poster","242.74","0.011599924","5418.19954"
"412","50374","40.8666","-73.89536","Poster","242.74","0.011599924","5418.19954"
"413","50375","40.8666","-73.89536","Poster","242.74","0.011599924","5418.19954"
"414","50575","40.8666","-73.89536","Poster","242.74","0.011599924","5418.19954"
"415","50576","40.8666","-73.89536","Poster","242.74","0.011599924","5418.19954"
"416","50656","40.8666","-73.89536","Poster","242.74","0.011599924","5418.19954"
"417","50664","40.8666","-73.89536","Poster","242.74","0.023199847","5418.19954"
"418","50665","40.8666","-73.89536","Poster","242.74","0.011599924","5418.19954"
"419","50666","40.8666","-73.89536","Poster","242.74","0.034799771","5418.19954"
"420","50667","40.8666","-73.89536","Poster","242.74","0.011599924","5418.19954"
"421","70150","40.8666","-73.89536","Poster","242.74","0.023199847","5418.19954"
"422","70151","40.8666","-73.89536","Poster","242.74","0.023199847","5418.19954"
"423","70152","40.8666","-73.89536","Poster","242.74","0.011599924","5418.19954"
"424","70303","40.8666","-73.89536","Poster","242.74","0.023199847","5418.19954"
"425","70336","40.8666","-73.89536","Poster","242.74","0.011599924","5418.19954"
"426","70381","40.8666","-73.89536","Poster","242.74","0.011599924","5418.19954"
"427","70382","40.8666","-73.89536","Poster","242.74","0.011599924","5418.19954"
"428","70383","40.8666","-73.89536","Poster","242.74","0.011599924","5418.19954"
"429","70459","40.8666","-73.89536","Poster","242.74","0.011599924","5418.19954"
"430","70460","40.8666","-73.89536","Poster","242.74","0.011599924","5418.19954"
"431","70584","40.8666","-73.89536","Poster","242.74","0.011599924","5418.19954"
"432","70587","40.8666","-73.89536","Poster","242.74","0.011599924","5418.19954"
"433","70588","40.8666","-73.89536","Poster","242.74","0.011599924","5418.19954"
"434","70589","40.8666","-73.89536","Poster","242.74","0.023199847","5418.19954"
"435","70590","40.8666","-73.89536","Poster","242.74","0.023199847","5418.19954"
"436","70591","40.8666","-73.89536","Poster","242.74","0.011599924","5418.19954"
"437","70592","40.8666","-73.89536","Poster","242.74","0.011599924","5418.19954"
"438","70593","40.8666","-73.89536","Poster","242.74","0.023199847","5418.19954"
"439","70594","40.8666","-73.89536","Poster","242.74","0.011599924","5418.19954"
"440","70595","40.8666","-73.89536","Poster","242.74","0.023199847","5418.19954"
"441","90000","40.8666","-73.89536","Poster","242.74","0.011599924","5418.19954"
"442","90025","40.8666","-73.89536","Poster","242.74","0.011599924","5418.19954"
"443","90026","40.8666","-73.89536","Poster","242.74","0.023199847","5418.19954"
"444","414059","40.8666","-73.89536","Poster","242.74","0.011599924","5418.19954"
